<desktopflowbinary desktopflowbinaryid="87979151-99fd-472b-bd8e-2e870fba77c1">
  <data mimetype="image/png">ControlRepositoryImageFile_87979151-99fd-472b-bd8e-2e870fba77c1.png</data>
  <iscustomizable>1</iscustomizable>
  <metadata>{}</metadata>
  <mimetype>image/png</mimetype>
  <name>Desktop flow ui element screenshot</name>
  <process>
    <workflowid>5518ff8b-b5bf-49a4-b520-7400581bc218</workflowid>
  </process>
  <reference>controlRepo-screenshots\bedf256d-ef4e-45d2-a368-ca4220bad532.png</reference>
  <statecode>0</statecode>
  <statuscode>1</statuscode>
  <type>ControlRepositoryImageFile</type>
</desktopflowbinary>