<desktopflowbinary desktopflowbinaryid="233db888-0a28-4d9c-a011-c3deb93f7524">
  <data mimetype="image/png">ControlRepositoryImageFile_233db888-0a28-4d9c-a011-c3deb93f7524.png</data>
  <iscustomizable>1</iscustomizable>
  <metadata>{}</metadata>
  <mimetype>image/png</mimetype>
  <name>Desktop flow ui element screenshot</name>
  <process>
    <workflowid>a0800e42-3905-4f19-aff5-468dc242850f</workflowid>
  </process>
  <reference>controlRepo-screenshots\1b317a20-7f10-4646-a120-38b39d3c4cad.png</reference>
  <statecode>0</statecode>
  <statuscode>1</statuscode>
  <type>ControlRepositoryImageFile</type>
</desktopflowbinary>