<desktopflowbinary desktopflowbinaryid="6589259c-3771-4a62-9ddb-fea20abdd33f">
  <data mimetype="image/png">ControlRepositoryImageFile_6589259c-3771-4a62-9ddb-fea20abdd33f.png</data>
  <iscustomizable>1</iscustomizable>
  <metadata>{}</metadata>
  <mimetype>image/png</mimetype>
  <name>Desktop flow ui element screenshot</name>
  <process>
    <workflowid>a0800e42-3905-4f19-aff5-468dc242850f</workflowid>
  </process>
  <reference>controlRepo-screenshots\86039d55-d121-4a0d-8eb7-e816e219c020.png</reference>
  <statecode>0</statecode>
  <statuscode>1</statuscode>
  <type>ControlRepositoryImageFile</type>
</desktopflowbinary>