<desktopflowbinary desktopflowbinaryid="616b83d5-fb88-49dc-b138-21c0cead1d5c">
  <data mimetype="image/png">ControlRepositoryImageFile_616b83d5-fb88-49dc-b138-21c0cead1d5c.png</data>
  <iscustomizable>1</iscustomizable>
  <metadata>{}</metadata>
  <mimetype>image/png</mimetype>
  <name>Desktop flow ui element screenshot</name>
  <process>
    <workflowid>a0800e42-3905-4f19-aff5-468dc242850f</workflowid>
  </process>
  <reference>controlRepo-screenshots\9c69122c-3388-42f2-b3d0-95337118bf5f.png</reference>
  <statecode>0</statecode>
  <statuscode>1</statuscode>
  <type>ControlRepositoryImageFile</type>
</desktopflowbinary>