<desktopflowbinary desktopflowbinaryid="1500739d-386a-4411-bd4c-f57e822784b4">
  <data mimetype="image/png">ControlRepositoryImageFile_1500739d-386a-4411-bd4c-f57e822784b4.png</data>
  <iscustomizable>1</iscustomizable>
  <metadata>{}</metadata>
  <mimetype>image/png</mimetype>
  <name>Desktop flow ui element screenshot</name>
  <process>
    <workflowid>5518ff8b-b5bf-49a4-b520-7400581bc218</workflowid>
  </process>
  <reference>controlRepo-screenshots\ea3c5c2c-03a1-4fae-9cfd-77cdb5381419.png</reference>
  <statecode>0</statecode>
  <statuscode>1</statuscode>
  <type>ControlRepositoryImageFile</type>
</desktopflowbinary>