<desktopflowbinary desktopflowbinaryid="4dc418f5-619f-4dc9-9ae2-a6776932222a">
  <data mimetype="image/png">ControlRepositoryImageFile_4dc418f5-619f-4dc9-9ae2-a6776932222a.png</data>
  <iscustomizable>1</iscustomizable>
  <metadata>{}</metadata>
  <mimetype>image/png</mimetype>
  <name>Desktop flow ui element screenshot</name>
  <process>
    <workflowid>5518ff8b-b5bf-49a4-b520-7400581bc218</workflowid>
  </process>
  <reference>controlRepo-screenshots\e960bcee-4e0d-42de-bd12-d52022a19ebd.png</reference>
  <statecode>0</statecode>
  <statuscode>1</statuscode>
  <type>ControlRepositoryImageFile</type>
</desktopflowbinary>