<desktopflowbinary desktopflowbinaryid="8a0c9095-57a3-4e4b-92ae-7af838a42e37">
  <data mimetype="image/png">ControlRepositoryImageFile_8a0c9095-57a3-4e4b-92ae-7af838a42e37.png</data>
  <iscustomizable>1</iscustomizable>
  <metadata>{}</metadata>
  <mimetype>image/png</mimetype>
  <name>Desktop flow ui element screenshot</name>
  <process>
    <workflowid>280e711c-bf59-411a-b4e6-b984a0161f9f</workflowid>
  </process>
  <reference>controlRepo-screenshots\c8f16c2f-f08f-4808-987c-590c9ee9979b.png</reference>
  <statecode>0</statecode>
  <statuscode>1</statuscode>
  <type>ControlRepositoryImageFile</type>
</desktopflowbinary>