<desktopflowbinary desktopflowbinaryid="22d9043c-4cda-489f-9cba-d3f3f4a280aa">
  <data mimetype="image/png">ControlRepositoryImageFile_22d9043c-4cda-489f-9cba-d3f3f4a280aa.png</data>
  <iscustomizable>1</iscustomizable>
  <metadata>{}</metadata>
  <mimetype>image/png</mimetype>
  <name>Desktop flow ui element screenshot</name>
  <process>
    <workflowid>bdabf5fb-301e-4a31-bcc3-b21f0fd280dc</workflowid>
  </process>
  <reference>controlRepo-screenshots\831cf7c2-d9af-4da5-8431-5efbfedf0e7b.png</reference>
  <statecode>0</statecode>
  <statuscode>1</statuscode>
  <type>ControlRepositoryImageFile</type>
</desktopflowbinary>