<desktopflowbinary desktopflowbinaryid="6bfd5222-22a9-4fa6-9e66-1ba8afecbebe">
  <data mimetype="image/png">ControlRepositoryImageFile_6bfd5222-22a9-4fa6-9e66-1ba8afecbebe.png</data>
  <iscustomizable>1</iscustomizable>
  <metadata>{}</metadata>
  <mimetype>image/png</mimetype>
  <name>Desktop flow ui element screenshot</name>
  <process>
    <workflowid>5518ff8b-b5bf-49a4-b520-7400581bc218</workflowid>
  </process>
  <reference>controlRepo-screenshots\3ebbdaaa-6909-468c-8b66-a5b01233f192.png</reference>
  <statecode>0</statecode>
  <statuscode>1</statuscode>
  <type>ControlRepositoryImageFile</type>
</desktopflowbinary>