<desktopflowbinary desktopflowbinaryid="1b18cd0a-6487-4503-ae4f-54c7d4e04a00">
  <data mimetype="image/png">ControlRepositoryImageFile_1b18cd0a-6487-4503-ae4f-54c7d4e04a00.png</data>
  <iscustomizable>1</iscustomizable>
  <metadata>{}</metadata>
  <mimetype>image/png</mimetype>
  <name>Desktop flow ui element screenshot</name>
  <process>
    <workflowid>bdabf5fb-301e-4a31-bcc3-b21f0fd280dc</workflowid>
  </process>
  <reference>controlRepo-screenshots\1cffac99-85fd-4f65-aeb9-137073d04227.png</reference>
  <statecode>0</statecode>
  <statuscode>1</statuscode>
  <type>ControlRepositoryImageFile</type>
</desktopflowbinary>