<desktopflowbinary desktopflowbinaryid="e3aa3b82-7a0f-4541-9ded-f7ed71cc44af">
  <data mimetype="image/png">ControlRepositoryImageFile_e3aa3b82-7a0f-4541-9ded-f7ed71cc44af.png</data>
  <iscustomizable>1</iscustomizable>
  <metadata>{}</metadata>
  <mimetype>image/png</mimetype>
  <name>Desktop flow ui element screenshot</name>
  <process>
    <workflowid>bdabf5fb-301e-4a31-bcc3-b21f0fd280dc</workflowid>
  </process>
  <reference>controlRepo-screenshots\9a6e6ed0-2e84-40ea-b1ce-52e45a626b28.png</reference>
  <statecode>0</statecode>
  <statuscode>1</statuscode>
  <type>ControlRepositoryImageFile</type>
</desktopflowbinary>