<desktopflowbinary desktopflowbinaryid="3946c564-6d3c-4da1-8c60-880212fab488">
  <data mimetype="image/png">ControlRepositoryImageFile_3946c564-6d3c-4da1-8c60-880212fab488.png</data>
  <iscustomizable>1</iscustomizable>
  <metadata>{}</metadata>
  <mimetype>image/png</mimetype>
  <name>Desktop flow ui element screenshot</name>
  <process>
    <workflowid>5518ff8b-b5bf-49a4-b520-7400581bc218</workflowid>
  </process>
  <reference>controlRepo-screenshots\4a27d774-1ef0-4a36-ae77-c9e26c9fb589.png</reference>
  <statecode>0</statecode>
  <statuscode>1</statuscode>
  <type>ControlRepositoryImageFile</type>
</desktopflowbinary>