<desktopflowbinary desktopflowbinaryid="3990a94f-b393-4d45-bb7b-a74e5806a5a1">
  <data mimetype="image/png">ControlRepositoryImageFile_3990a94f-b393-4d45-bb7b-a74e5806a5a1.png</data>
  <iscustomizable>1</iscustomizable>
  <metadata>{}</metadata>
  <mimetype>image/png</mimetype>
  <name>Desktop flow ui element screenshot</name>
  <process>
    <workflowid>bdabf5fb-301e-4a31-bcc3-b21f0fd280dc</workflowid>
  </process>
  <reference>controlRepo-screenshots\674b8666-eafb-43ee-bee7-1795c11ed776.png</reference>
  <statecode>0</statecode>
  <statuscode>1</statuscode>
  <type>ControlRepositoryImageFile</type>
</desktopflowbinary>