<desktopflowbinary desktopflowbinaryid="53fa0c69-b4c2-4d24-9c31-67cd4d66df2c">
  <data mimetype="image/png">ControlRepositoryImageFile_53fa0c69-b4c2-4d24-9c31-67cd4d66df2c.png</data>
  <iscustomizable>1</iscustomizable>
  <metadata>{}</metadata>
  <mimetype>image/png</mimetype>
  <name>Desktop flow ui element screenshot</name>
  <process>
    <workflowid>5518ff8b-b5bf-49a4-b520-7400581bc218</workflowid>
  </process>
  <reference>controlRepo-screenshots\7e5f1182-c4e5-40ec-a7df-791b28a4b43f.png</reference>
  <statecode>0</statecode>
  <statuscode>1</statuscode>
  <type>ControlRepositoryImageFile</type>
</desktopflowbinary>