<desktopflowbinary desktopflowbinaryid="7bba038e-94a9-4a76-b281-83cc8047a310">
  <data mimetype="application/json">ManifestFile_7bba038e-94a9-4a76-b281-83cc8047a310.json</data>
  <iscustomizable>1</iscustomizable>
  <metadata>{}</metadata>
  <mimetype>application/json</mimetype>
  <name>Desktop flow manifest file</name>
  <process>
    <workflowid>5a1c1f68-927f-4fbb-80a8-7c3e28f831e7</workflowid>
  </process>
  <reference>flow.manifest</reference>
  <statecode>0</statecode>
  <statuscode>1</statuscode>
  <type>ManifestFile</type>
</desktopflowbinary>