<desktopflowbinary desktopflowbinaryid="11989016-d36c-4949-9cbd-a97313bd6244">
  <data mimetype="image/png">ControlRepositoryImageFile_11989016-d36c-4949-9cbd-a97313bd6244.png</data>
  <iscustomizable>1</iscustomizable>
  <metadata>{}</metadata>
  <mimetype>image/png</mimetype>
  <name>Desktop flow ui element screenshot</name>
  <process>
    <workflowid>a0800e42-3905-4f19-aff5-468dc242850f</workflowid>
  </process>
  <reference>controlRepo-screenshots\fa4b03d2-8a17-4bd8-ac11-556afbb8a66a.png</reference>
  <statecode>0</statecode>
  <statuscode>1</statuscode>
  <type>ControlRepositoryImageFile</type>
</desktopflowbinary>