<desktopflowbinary desktopflowbinaryid="63543cf3-14b3-4a99-b662-34d75ddb2047">
  <data mimetype="image/png">ControlRepositoryImageFile_63543cf3-14b3-4a99-b662-34d75ddb2047.png</data>
  <iscustomizable>1</iscustomizable>
  <metadata>{}</metadata>
  <mimetype>image/png</mimetype>
  <name>Desktop flow ui element screenshot</name>
  <process>
    <workflowid>5518ff8b-b5bf-49a4-b520-7400581bc218</workflowid>
  </process>
  <reference>controlRepo-screenshots\ed7ecbea-53a3-4484-80d0-6ad3e7224595.png</reference>
  <statecode>0</statecode>
  <statuscode>1</statuscode>
  <type>ControlRepositoryImageFile</type>
</desktopflowbinary>