<desktopflowbinary desktopflowbinaryid="8e513787-1620-429a-9bc6-a4e2ed8688c1">
  <data mimetype="image/png">ControlRepositoryImageFile_8e513787-1620-429a-9bc6-a4e2ed8688c1.png</data>
  <iscustomizable>1</iscustomizable>
  <metadata>{}</metadata>
  <mimetype>image/png</mimetype>
  <name>Desktop flow ui element screenshot</name>
  <process>
    <workflowid>5518ff8b-b5bf-49a4-b520-7400581bc218</workflowid>
  </process>
  <reference>controlRepo-screenshots\f52e73da-adb9-4552-9a51-8955dc320451.png</reference>
  <statecode>0</statecode>
  <statuscode>1</statuscode>
  <type>ControlRepositoryImageFile</type>
</desktopflowbinary>