<desktopflowbinary desktopflowbinaryid="93678381-563c-4103-b0ed-e96833d9711b">
  <data mimetype="image/png">ControlRepositoryImageFile_93678381-563c-4103-b0ed-e96833d9711b.png</data>
  <iscustomizable>1</iscustomizable>
  <metadata>{}</metadata>
  <mimetype>image/png</mimetype>
  <name>Desktop flow ui element screenshot</name>
  <process>
    <workflowid>5518ff8b-b5bf-49a4-b520-7400581bc218</workflowid>
  </process>
  <reference>controlRepo-screenshots\d27f4cae-f793-461f-b269-5752b3526a83.png</reference>
  <statecode>0</statecode>
  <statuscode>1</statuscode>
  <type>ControlRepositoryImageFile</type>
</desktopflowbinary>