<desktopflowbinary desktopflowbinaryid="7ababeec-5748-4f7e-a71b-5ac65146c0fe">
  <data mimetype="image/png">ControlRepositoryImageFile_7ababeec-5748-4f7e-a71b-5ac65146c0fe.png</data>
  <iscustomizable>1</iscustomizable>
  <metadata>{}</metadata>
  <mimetype>image/png</mimetype>
  <name>Desktop flow ui element screenshot</name>
  <process>
    <workflowid>280e711c-bf59-411a-b4e6-b984a0161f9f</workflowid>
  </process>
  <reference>controlRepo-screenshots\0ffe4a43-934a-4b99-a41b-a1258e7d06be.png</reference>
  <statecode>0</statecode>
  <statuscode>1</statuscode>
  <type>ControlRepositoryImageFile</type>
</desktopflowbinary>