<desktopflowbinary desktopflowbinaryid="50b35ff6-89f1-4f94-bc62-ff55a3237ad4">
  <data mimetype="image/png">ControlRepositoryImageFile_50b35ff6-89f1-4f94-bc62-ff55a3237ad4.png</data>
  <iscustomizable>1</iscustomizable>
  <metadata>{}</metadata>
  <mimetype>image/png</mimetype>
  <name>Desktop flow ui element screenshot</name>
  <process>
    <workflowid>5518ff8b-b5bf-49a4-b520-7400581bc218</workflowid>
  </process>
  <reference>controlRepo-screenshots\dc5119ca-f3e7-450a-a3a8-01dbbdef2271.png</reference>
  <statecode>0</statecode>
  <statuscode>1</statuscode>
  <type>ControlRepositoryImageFile</type>
</desktopflowbinary>