<desktopflowbinary desktopflowbinaryid="83034c90-d2eb-4844-bf87-b286ac13d078">
  <data mimetype="image/png">ControlRepositoryImageFile_83034c90-d2eb-4844-bf87-b286ac13d078.png</data>
  <iscustomizable>1</iscustomizable>
  <metadata>{}</metadata>
  <mimetype>image/png</mimetype>
  <name>Desktop flow ui element screenshot</name>
  <process>
    <workflowid>5518ff8b-b5bf-49a4-b520-7400581bc218</workflowid>
  </process>
  <reference>controlRepo-screenshots\2331bd0b-9d08-49d4-a518-7dee6c05de08.png</reference>
  <statecode>0</statecode>
  <statuscode>1</statuscode>
  <type>ControlRepositoryImageFile</type>
</desktopflowbinary>