<desktopflowbinary desktopflowbinaryid="a6a22558-ab7b-48cf-8d56-9b712def91ad">
  <data mimetype="image/png">ControlRepositoryImageFile_a6a22558-ab7b-48cf-8d56-9b712def91ad.png</data>
  <iscustomizable>1</iscustomizable>
  <metadata>{}</metadata>
  <mimetype>image/png</mimetype>
  <name>Desktop flow ui element screenshot</name>
  <process>
    <workflowid>5518ff8b-b5bf-49a4-b520-7400581bc218</workflowid>
  </process>
  <reference>controlRepo-screenshots\cef4e704-d38f-4b3d-80ff-d9209f497f95.png</reference>
  <statecode>0</statecode>
  <statuscode>1</statuscode>
  <type>ControlRepositoryImageFile</type>
</desktopflowbinary>