<desktopflowbinary desktopflowbinaryid="8aa6019c-abe2-49c4-a3d3-4a1c6f3d3b1a">
  <data mimetype="image/png">ControlRepositoryImageFile_8aa6019c-abe2-49c4-a3d3-4a1c6f3d3b1a.png</data>
  <iscustomizable>1</iscustomizable>
  <metadata>{}</metadata>
  <mimetype>image/png</mimetype>
  <name>Desktop flow ui element screenshot</name>
  <process>
    <workflowid>bdabf5fb-301e-4a31-bcc3-b21f0fd280dc</workflowid>
  </process>
  <reference>controlRepo-screenshots\bd8fc814-2406-41d8-b4db-cff8994b6797.png</reference>
  <statecode>0</statecode>
  <statuscode>1</statuscode>
  <type>ControlRepositoryImageFile</type>
</desktopflowbinary>