<desktopflowbinary desktopflowbinaryid="201e5a5b-45cf-4e6e-b49f-653bd0f9f15a">
  <data mimetype="image/png">ControlRepositoryImageFile_201e5a5b-45cf-4e6e-b49f-653bd0f9f15a.png</data>
  <iscustomizable>1</iscustomizable>
  <metadata>{}</metadata>
  <mimetype>image/png</mimetype>
  <name>Desktop flow ui element screenshot</name>
  <process>
    <workflowid>5518ff8b-b5bf-49a4-b520-7400581bc218</workflowid>
  </process>
  <reference>controlRepo-screenshots\eb0ffdf1-77b8-4726-88d1-2ee682cdf18f.png</reference>
  <statecode>0</statecode>
  <statuscode>1</statuscode>
  <type>ControlRepositoryImageFile</type>
</desktopflowbinary>