<desktopflowbinary desktopflowbinaryid="c6345617-45a2-4b35-b7f7-8147ec960a94">
  <data mimetype="image/png">ControlRepositoryImageFile_c6345617-45a2-4b35-b7f7-8147ec960a94.png</data>
  <iscustomizable>1</iscustomizable>
  <metadata>{}</metadata>
  <mimetype>image/png</mimetype>
  <name>Desktop flow ui element screenshot</name>
  <process>
    <workflowid>5518ff8b-b5bf-49a4-b520-7400581bc218</workflowid>
  </process>
  <reference>controlRepo-screenshots\0452120b-46ab-40bd-89e8-7ea82643992e.png</reference>
  <statecode>0</statecode>
  <statuscode>1</statuscode>
  <type>ControlRepositoryImageFile</type>
</desktopflowbinary>