<desktopflowbinary desktopflowbinaryid="b30cb903-66a9-4400-8566-9e3cdc51597f">
  <data mimetype="image/png">ControlRepositoryImageFile_b30cb903-66a9-4400-8566-9e3cdc51597f.png</data>
  <iscustomizable>1</iscustomizable>
  <metadata>{}</metadata>
  <mimetype>image/png</mimetype>
  <name>Desktop flow ui element screenshot</name>
  <process>
    <workflowid>a0800e42-3905-4f19-aff5-468dc242850f</workflowid>
  </process>
  <reference>controlRepo-screenshots\3dda3a81-4f8f-4bbd-8108-8f5ce204b8ce.png</reference>
  <statecode>0</statecode>
  <statuscode>1</statuscode>
  <type>ControlRepositoryImageFile</type>
</desktopflowbinary>