<desktopflowbinary desktopflowbinaryid="ce3e8d83-bc97-4db1-afa1-ea716d8d76b2">
  <data mimetype="image/png">ControlRepositoryImageFile_ce3e8d83-bc97-4db1-afa1-ea716d8d76b2.png</data>
  <iscustomizable>1</iscustomizable>
  <metadata>{}</metadata>
  <mimetype>image/png</mimetype>
  <name>Desktop flow ui element screenshot</name>
  <process>
    <workflowid>a0800e42-3905-4f19-aff5-468dc242850f</workflowid>
  </process>
  <reference>controlRepo-screenshots\6370b0ab-4600-4e0d-aec2-0c218c74eac7.png</reference>
  <statecode>0</statecode>
  <statuscode>1</statuscode>
  <type>ControlRepositoryImageFile</type>
</desktopflowbinary>