<desktopflowbinary desktopflowbinaryid="369e3d3e-5c38-416b-a2ae-c92ed90512c7">
  <data mimetype="image/png">ControlRepositoryImageFile_369e3d3e-5c38-416b-a2ae-c92ed90512c7.png</data>
  <iscustomizable>1</iscustomizable>
  <metadata>{}</metadata>
  <mimetype>image/png</mimetype>
  <name>Desktop flow ui element screenshot</name>
  <process>
    <workflowid>5518ff8b-b5bf-49a4-b520-7400581bc218</workflowid>
  </process>
  <reference>controlRepo-screenshots\968213c9-5ac1-4e44-80a9-a5523c1654d6.png</reference>
  <statecode>0</statecode>
  <statuscode>1</statuscode>
  <type>ControlRepositoryImageFile</type>
</desktopflowbinary>