<desktopflowbinary desktopflowbinaryid="ada86293-1d65-45bd-be2f-66b1032241c1">
  <data mimetype="image/png">ControlRepositoryImageFile_ada86293-1d65-45bd-be2f-66b1032241c1.png</data>
  <iscustomizable>1</iscustomizable>
  <metadata>{}</metadata>
  <mimetype>image/png</mimetype>
  <name>Desktop flow ui element screenshot</name>
  <process>
    <workflowid>5518ff8b-b5bf-49a4-b520-7400581bc218</workflowid>
  </process>
  <reference>controlRepo-screenshots\04780676-ccfb-4647-bd4f-8c4df175862a.png</reference>
  <statecode>0</statecode>
  <statuscode>1</statuscode>
  <type>ControlRepositoryImageFile</type>
</desktopflowbinary>