<desktopflowbinary desktopflowbinaryid="b4d160bd-a541-446e-8b1d-51ff0c59e720">
  <data mimetype="image/png">ControlRepositoryImageFile_b4d160bd-a541-446e-8b1d-51ff0c59e720.png</data>
  <iscustomizable>1</iscustomizable>
  <metadata>{}</metadata>
  <mimetype>image/png</mimetype>
  <name>Desktop flow ui element screenshot</name>
  <process>
    <workflowid>5518ff8b-b5bf-49a4-b520-7400581bc218</workflowid>
  </process>
  <reference>controlRepo-screenshots\b01629d2-36ae-4f2c-b884-374c5b5abd5e.png</reference>
  <statecode>0</statecode>
  <statuscode>1</statuscode>
  <type>ControlRepositoryImageFile</type>
</desktopflowbinary>