<desktopflowbinary desktopflowbinaryid="2564b9d7-6696-4128-a66c-361d74568a98">
  <data mimetype="image/png">ControlRepositoryImageFile_2564b9d7-6696-4128-a66c-361d74568a98.png</data>
  <iscustomizable>1</iscustomizable>
  <metadata>{}</metadata>
  <mimetype>image/png</mimetype>
  <name>Desktop flow ui element screenshot</name>
  <process>
    <workflowid>5518ff8b-b5bf-49a4-b520-7400581bc218</workflowid>
  </process>
  <reference>controlRepo-screenshots\337c5559-1f26-40ef-94d3-246c1a2c39da.png</reference>
  <statecode>0</statecode>
  <statuscode>1</statuscode>
  <type>ControlRepositoryImageFile</type>
</desktopflowbinary>