<desktopflowbinary desktopflowbinaryid="4c11a12d-f88f-430a-bde9-3b2809df6bbc">
  <data mimetype="image/png">ControlRepositoryImageFile_4c11a12d-f88f-430a-bde9-3b2809df6bbc.png</data>
  <iscustomizable>1</iscustomizable>
  <metadata>{}</metadata>
  <mimetype>image/png</mimetype>
  <name>Desktop flow ui element screenshot</name>
  <process>
    <workflowid>5518ff8b-b5bf-49a4-b520-7400581bc218</workflowid>
  </process>
  <reference>controlRepo-screenshots\a4cbc32a-f179-4aa2-981d-c3da37ba6496.png</reference>
  <statecode>0</statecode>
  <statuscode>1</statuscode>
  <type>ControlRepositoryImageFile</type>
</desktopflowbinary>