<desktopflowbinary desktopflowbinaryid="6f3b601c-548f-449d-afd9-8484b0630a99">
  <data mimetype="image/png">ControlRepositoryImageFile_6f3b601c-548f-449d-afd9-8484b0630a99.png</data>
  <iscustomizable>1</iscustomizable>
  <metadata>{}</metadata>
  <mimetype>image/png</mimetype>
  <name>Desktop flow ui element screenshot</name>
  <process>
    <workflowid>a0800e42-3905-4f19-aff5-468dc242850f</workflowid>
  </process>
  <reference>controlRepo-screenshots\5e26694e-10cb-4f76-94a4-370bc8e0c4a5.png</reference>
  <statecode>0</statecode>
  <statuscode>1</statuscode>
  <type>ControlRepositoryImageFile</type>
</desktopflowbinary>