<desktopflowbinary desktopflowbinaryid="7c0d09e1-60b0-46d8-aa48-54f37e6c02c1">
  <data mimetype="image/png">ControlRepositoryImageFile_7c0d09e1-60b0-46d8-aa48-54f37e6c02c1.png</data>
  <iscustomizable>1</iscustomizable>
  <metadata>{}</metadata>
  <mimetype>image/png</mimetype>
  <name>Desktop flow ui element screenshot</name>
  <process>
    <workflowid>5518ff8b-b5bf-49a4-b520-7400581bc218</workflowid>
  </process>
  <reference>controlRepo-screenshots\9c40f72d-0ac4-4faf-bfb4-ee824cddf82c.png</reference>
  <statecode>0</statecode>
  <statuscode>1</statuscode>
  <type>ControlRepositoryImageFile</type>
</desktopflowbinary>