<desktopflowbinary desktopflowbinaryid="42f0e634-342d-4f34-affb-2d1725aa23e9">
  <data mimetype="image/png">ControlRepositoryImageFile_42f0e634-342d-4f34-affb-2d1725aa23e9.png</data>
  <iscustomizable>1</iscustomizable>
  <metadata>{}</metadata>
  <mimetype>image/png</mimetype>
  <name>Desktop flow ui element screenshot</name>
  <process>
    <workflowid>5518ff8b-b5bf-49a4-b520-7400581bc218</workflowid>
  </process>
  <reference>controlRepo-screenshots\3a50e878-9b59-447c-aba9-1c983f40988b.png</reference>
  <statecode>0</statecode>
  <statuscode>1</statuscode>
  <type>ControlRepositoryImageFile</type>
</desktopflowbinary>