<desktopflowbinary desktopflowbinaryid="a652eae2-4864-425b-95eb-ef94f9c8970a">
  <data mimetype="image/png">ControlRepositoryImageFile_a652eae2-4864-425b-95eb-ef94f9c8970a.png</data>
  <iscustomizable>1</iscustomizable>
  <metadata>{}</metadata>
  <mimetype>image/png</mimetype>
  <name>Desktop flow ui element screenshot</name>
  <process>
    <workflowid>5518ff8b-b5bf-49a4-b520-7400581bc218</workflowid>
  </process>
  <reference>controlRepo-screenshots\aa21581d-1119-4a3b-8f5d-375fa573606e.png</reference>
  <statecode>0</statecode>
  <statuscode>1</statuscode>
  <type>ControlRepositoryImageFile</type>
</desktopflowbinary>