<desktopflowbinary desktopflowbinaryid="efd1f3a3-fd4f-4843-aa48-b361befac1e7">
  <data mimetype="image/png">ControlRepositoryImageFile_efd1f3a3-fd4f-4843-aa48-b361befac1e7.png</data>
  <iscustomizable>1</iscustomizable>
  <metadata>{}</metadata>
  <mimetype>image/png</mimetype>
  <name>Desktop flow ui element screenshot</name>
  <process>
    <workflowid>280e711c-bf59-411a-b4e6-b984a0161f9f</workflowid>
  </process>
  <reference>controlRepo-screenshots\980980bc-5498-4a20-8bd9-54fc853a5d00.png</reference>
  <statecode>0</statecode>
  <statuscode>1</statuscode>
  <type>ControlRepositoryImageFile</type>
</desktopflowbinary>