<desktopflowbinary desktopflowbinaryid="01545412-8a5b-4967-b4f8-90e87bfb46ef">
  <data mimetype="image/png">ControlRepositoryImageFile_01545412-8a5b-4967-b4f8-90e87bfb46ef.png</data>
  <iscustomizable>1</iscustomizable>
  <metadata>{}</metadata>
  <mimetype>image/png</mimetype>
  <name>Desktop flow ui element screenshot</name>
  <process>
    <workflowid>bdabf5fb-301e-4a31-bcc3-b21f0fd280dc</workflowid>
  </process>
  <reference>controlRepo-screenshots\69f52caa-cfd0-48fc-84e0-4d917d5b65cd.png</reference>
  <statecode>0</statecode>
  <statuscode>1</statuscode>
  <type>ControlRepositoryImageFile</type>
</desktopflowbinary>