<desktopflowbinary desktopflowbinaryid="b85f0b0e-d3e5-465a-8ec4-78ffedd9a377">
  <data mimetype="image/png">ControlRepositoryImageFile_b85f0b0e-d3e5-465a-8ec4-78ffedd9a377.png</data>
  <iscustomizable>1</iscustomizable>
  <metadata>{}</metadata>
  <mimetype>image/png</mimetype>
  <name>Desktop flow ui element screenshot</name>
  <process>
    <workflowid>5518ff8b-b5bf-49a4-b520-7400581bc218</workflowid>
  </process>
  <reference>controlRepo-screenshots\387f6f55-739d-4cab-98c9-ae3812dbad3d.png</reference>
  <statecode>0</statecode>
  <statuscode>1</statuscode>
  <type>ControlRepositoryImageFile</type>
</desktopflowbinary>