<desktopflowbinary desktopflowbinaryid="7f9bae0b-60a3-481c-bbc4-c3e879342a01">
  <data mimetype="image/png">ControlRepositoryImageFile_7f9bae0b-60a3-481c-bbc4-c3e879342a01.png</data>
  <iscustomizable>1</iscustomizable>
  <metadata>{}</metadata>
  <mimetype>image/png</mimetype>
  <name>Desktop flow ui element screenshot</name>
  <process>
    <workflowid>5518ff8b-b5bf-49a4-b520-7400581bc218</workflowid>
  </process>
  <reference>controlRepo-screenshots\93023131-fa15-487a-a0f5-462f46a08ed0.png</reference>
  <statecode>0</statecode>
  <statuscode>1</statuscode>
  <type>ControlRepositoryImageFile</type>
</desktopflowbinary>