<desktopflowbinary desktopflowbinaryid="10dab13c-d863-4cde-92f8-d69d7ea6f55a">
  <data mimetype="image/png">ControlRepositoryImageFile_10dab13c-d863-4cde-92f8-d69d7ea6f55a.png</data>
  <iscustomizable>1</iscustomizable>
  <metadata>{}</metadata>
  <mimetype>image/png</mimetype>
  <name>Desktop flow ui element screenshot</name>
  <process>
    <workflowid>5518ff8b-b5bf-49a4-b520-7400581bc218</workflowid>
  </process>
  <reference>controlRepo-screenshots\71363981-f7ef-41b9-befd-0e099e98bd06.png</reference>
  <statecode>0</statecode>
  <statuscode>1</statuscode>
  <type>ControlRepositoryImageFile</type>
</desktopflowbinary>