<desktopflowbinary desktopflowbinaryid="38b12ee8-18d8-4946-a40f-4f29fe59f6c5">
  <data mimetype="application/json">ManifestFile_38b12ee8-18d8-4946-a40f-4f29fe59f6c5.json</data>
  <iscustomizable>1</iscustomizable>
  <metadata>{}</metadata>
  <mimetype>application/json</mimetype>
  <name>Desktop flow manifest file</name>
  <process>
    <workflowid>bdabf5fb-301e-4a31-bcc3-b21f0fd280dc</workflowid>
  </process>
  <reference>flow.manifest</reference>
  <statecode>0</statecode>
  <statuscode>1</statuscode>
  <type>ManifestFile</type>
</desktopflowbinary>