<desktopflowbinary desktopflowbinaryid="07c4784f-35cc-43c1-b2e7-7e5c943d093d">
  <data mimetype="image/png">ControlRepositoryImageFile_07c4784f-35cc-43c1-b2e7-7e5c943d093d.png</data>
  <iscustomizable>1</iscustomizable>
  <metadata>{}</metadata>
  <mimetype>image/png</mimetype>
  <name>Desktop flow ui element screenshot</name>
  <process>
    <workflowid>5518ff8b-b5bf-49a4-b520-7400581bc218</workflowid>
  </process>
  <reference>controlRepo-screenshots\cc3d6ead-4580-457c-abda-0f3239ef79e9.png</reference>
  <statecode>0</statecode>
  <statuscode>1</statuscode>
  <type>ControlRepositoryImageFile</type>
</desktopflowbinary>