<desktopflowbinary desktopflowbinaryid="72787713-2f4d-4fc1-af1f-7a627f4e399a">
  <data mimetype="image/png">ControlRepositoryImageFile_72787713-2f4d-4fc1-af1f-7a627f4e399a.png</data>
  <iscustomizable>1</iscustomizable>
  <metadata>{}</metadata>
  <mimetype>image/png</mimetype>
  <name>Desktop flow ui element screenshot</name>
  <process>
    <workflowid>bdabf5fb-301e-4a31-bcc3-b21f0fd280dc</workflowid>
  </process>
  <reference>controlRepo-screenshots\075d1347-6b6d-4b36-b49f-c87f74b141a2.png</reference>
  <statecode>0</statecode>
  <statuscode>1</statuscode>
  <type>ControlRepositoryImageFile</type>
</desktopflowbinary>