<desktopflowbinary desktopflowbinaryid="bbae69ed-3438-40d8-bdf7-4afda07e7ab4">
  <data mimetype="image/png">ControlRepositoryImageFile_bbae69ed-3438-40d8-bdf7-4afda07e7ab4.png</data>
  <iscustomizable>1</iscustomizable>
  <metadata>{}</metadata>
  <mimetype>image/png</mimetype>
  <name>Desktop flow ui element screenshot</name>
  <process>
    <workflowid>280e711c-bf59-411a-b4e6-b984a0161f9f</workflowid>
  </process>
  <reference>controlRepo-screenshots\822aa57c-0065-4eeb-87af-64f9422c7e64.png</reference>
  <statecode>0</statecode>
  <statuscode>1</statuscode>
  <type>ControlRepositoryImageFile</type>
</desktopflowbinary>