<desktopflowbinary desktopflowbinaryid="3f687d73-c92c-4a92-a8bb-ba2686852f6e">
  <data mimetype="application/json">ManifestFile_3f687d73-c92c-4a92-a8bb-ba2686852f6e.json</data>
  <iscustomizable>1</iscustomizable>
  <metadata>{}</metadata>
  <mimetype>application/json</mimetype>
  <name>Desktop flow manifest file</name>
  <process>
    <workflowid>280e711c-bf59-411a-b4e6-b984a0161f9f</workflowid>
  </process>
  <reference>flow.manifest</reference>
  <statecode>0</statecode>
  <statuscode>1</statuscode>
  <type>ManifestFile</type>
</desktopflowbinary>