<desktopflowbinary desktopflowbinaryid="9ff810c2-928b-4f9f-9a86-f76ed03691ff">
  <data mimetype="image/png">ControlRepositoryImageFile_9ff810c2-928b-4f9f-9a86-f76ed03691ff.png</data>
  <iscustomizable>1</iscustomizable>
  <metadata>{}</metadata>
  <mimetype>image/png</mimetype>
  <name>Desktop flow ui element screenshot</name>
  <process>
    <workflowid>5518ff8b-b5bf-49a4-b520-7400581bc218</workflowid>
  </process>
  <reference>controlRepo-screenshots\be56283a-2f6b-4a21-8e95-677b0d9f10c2.png</reference>
  <statecode>0</statecode>
  <statuscode>1</statuscode>
  <type>ControlRepositoryImageFile</type>
</desktopflowbinary>