<desktopflowbinary desktopflowbinaryid="923fdb22-eee4-4582-bb2d-ce60e7611ef0">
  <data mimetype="image/png">ControlRepositoryImageFile_923fdb22-eee4-4582-bb2d-ce60e7611ef0.png</data>
  <iscustomizable>1</iscustomizable>
  <metadata>{}</metadata>
  <mimetype>image/png</mimetype>
  <name>Desktop flow ui element screenshot</name>
  <process>
    <workflowid>a0800e42-3905-4f19-aff5-468dc242850f</workflowid>
  </process>
  <reference>controlRepo-screenshots\96094cb5-98ff-49d9-bb16-56af40216a2f.png</reference>
  <statecode>0</statecode>
  <statuscode>1</statuscode>
  <type>ControlRepositoryImageFile</type>
</desktopflowbinary>