<desktopflowbinary desktopflowbinaryid="163332c3-8b8b-4aee-82cd-57d10243bd98">
  <data mimetype="image/png">ControlRepositoryImageFile_163332c3-8b8b-4aee-82cd-57d10243bd98.png</data>
  <iscustomizable>1</iscustomizable>
  <metadata>{}</metadata>
  <mimetype>image/png</mimetype>
  <name>Desktop flow ui element screenshot</name>
  <process>
    <workflowid>5518ff8b-b5bf-49a4-b520-7400581bc218</workflowid>
  </process>
  <reference>controlRepo-screenshots\24e405c4-1182-4366-b108-ddd399b5a74b.png</reference>
  <statecode>0</statecode>
  <statuscode>1</statuscode>
  <type>ControlRepositoryImageFile</type>
</desktopflowbinary>