<desktopflowbinary desktopflowbinaryid="514a0640-a52c-4c32-b4d9-510b9ae102e5">
  <data mimetype="image/png">ControlRepositoryImageFile_514a0640-a52c-4c32-b4d9-510b9ae102e5.png</data>
  <iscustomizable>1</iscustomizable>
  <metadata>{}</metadata>
  <mimetype>image/png</mimetype>
  <name>Desktop flow ui element screenshot</name>
  <process>
    <workflowid>a0800e42-3905-4f19-aff5-468dc242850f</workflowid>
  </process>
  <reference>controlRepo-screenshots\093dbc49-b76f-4a2f-adf2-975445bba15d.png</reference>
  <statecode>0</statecode>
  <statuscode>1</statuscode>
  <type>ControlRepositoryImageFile</type>
</desktopflowbinary>