<desktopflowbinary desktopflowbinaryid="aa59e900-84a3-47e0-ab39-df3e3dcf78bb">
  <data mimetype="application/json">ManifestFile_aa59e900-84a3-47e0-ab39-df3e3dcf78bb.json</data>
  <iscustomizable>1</iscustomizable>
  <metadata>{}</metadata>
  <mimetype>application/json</mimetype>
  <name>Desktop flow manifest file</name>
  <process>
    <workflowid>a0800e42-3905-4f19-aff5-468dc242850f</workflowid>
  </process>
  <reference>flow.manifest</reference>
  <statecode>0</statecode>
  <statuscode>1</statuscode>
  <type>ManifestFile</type>
</desktopflowbinary>