<desktopflowbinary desktopflowbinaryid="bbb191c6-18a7-48db-a7e3-1a5df5ab8edd">
  <data mimetype="image/png">ControlRepositoryImageFile_bbb191c6-18a7-48db-a7e3-1a5df5ab8edd.png</data>
  <iscustomizable>1</iscustomizable>
  <metadata>{}</metadata>
  <mimetype>image/png</mimetype>
  <name>Desktop flow ui element screenshot</name>
  <process>
    <workflowid>bdabf5fb-301e-4a31-bcc3-b21f0fd280dc</workflowid>
  </process>
  <reference>controlRepo-screenshots\f8957cb0-af77-4737-b56f-56084fe7d6cf.png</reference>
  <statecode>0</statecode>
  <statuscode>1</statuscode>
  <type>ControlRepositoryImageFile</type>
</desktopflowbinary>