<desktopflowbinary desktopflowbinaryid="1c6c1a25-b1ab-43e5-944b-f3abc4687803">
  <data mimetype="image/png">ControlRepositoryImageFile_1c6c1a25-b1ab-43e5-944b-f3abc4687803.png</data>
  <iscustomizable>1</iscustomizable>
  <metadata>{}</metadata>
  <mimetype>image/png</mimetype>
  <name>Desktop flow ui element screenshot</name>
  <process>
    <workflowid>5518ff8b-b5bf-49a4-b520-7400581bc218</workflowid>
  </process>
  <reference>controlRepo-screenshots\58913173-bd90-4c6f-8001-3db20566c1ed.png</reference>
  <statecode>0</statecode>
  <statuscode>1</statuscode>
  <type>ControlRepositoryImageFile</type>
</desktopflowbinary>