<desktopflowbinary desktopflowbinaryid="1754af2e-74e8-4f60-83ad-045d2e8f1a77">
  <data mimetype="image/png">ControlRepositoryImageFile_1754af2e-74e8-4f60-83ad-045d2e8f1a77.png</data>
  <iscustomizable>1</iscustomizable>
  <metadata>{}</metadata>
  <mimetype>image/png</mimetype>
  <name>Desktop flow ui element screenshot</name>
  <process>
    <workflowid>5518ff8b-b5bf-49a4-b520-7400581bc218</workflowid>
  </process>
  <reference>controlRepo-screenshots\374b403e-bb19-42c3-bb5a-211d06665873.png</reference>
  <statecode>0</statecode>
  <statuscode>1</statuscode>
  <type>ControlRepositoryImageFile</type>
</desktopflowbinary>