<desktopflowbinary desktopflowbinaryid="3818242e-39b5-4fbe-862b-86ff5e5c57ae">
  <data mimetype="image/png">ControlRepositoryImageFile_3818242e-39b5-4fbe-862b-86ff5e5c57ae.png</data>
  <iscustomizable>1</iscustomizable>
  <metadata>{}</metadata>
  <mimetype>image/png</mimetype>
  <name>Desktop flow ui element screenshot</name>
  <process>
    <workflowid>5518ff8b-b5bf-49a4-b520-7400581bc218</workflowid>
  </process>
  <reference>controlRepo-screenshots\c4b12a18-412f-4a25-8e35-c537407273a8.png</reference>
  <statecode>0</statecode>
  <statuscode>1</statuscode>
  <type>ControlRepositoryImageFile</type>
</desktopflowbinary>