<desktopflowbinary desktopflowbinaryid="509fa394-bbfc-4b53-9d69-f5ac8d18e96b">
  <data mimetype="image/png">ControlRepositoryImageFile_509fa394-bbfc-4b53-9d69-f5ac8d18e96b.png</data>
  <iscustomizable>1</iscustomizable>
  <metadata>{}</metadata>
  <mimetype>image/png</mimetype>
  <name>Desktop flow ui element screenshot</name>
  <process>
    <workflowid>5518ff8b-b5bf-49a4-b520-7400581bc218</workflowid>
  </process>
  <reference>controlRepo-screenshots\b98af275-e54f-4ef1-8b1a-2aa484412807.png</reference>
  <statecode>0</statecode>
  <statuscode>1</statuscode>
  <type>ControlRepositoryImageFile</type>
</desktopflowbinary>